{"episode reward": 348.69822045184304, "mean episode reward": 4.201183378937868, "episode length": 83, "_timestamp": 1711559264.549155, "_runtime": 113.08628010749817, "_step": 5699, "_wandb": {"runtime": 112}}