{"episode reward": 73.64214749926512, "mean episode reward": 4.331891029368537, "episode length": 17, "_timestamp": 1711559179.094541, "_runtime": 27.63166618347168, "_step": 1982}