{"episode reward": 100.34818063574123, "mean episode reward": 4.36296437546701, "episode length": 23, "_timestamp": 1711557725.441746, "_runtime": 51.84709596633911, "_step": 199, "_wandb": {"runtime": 52}}