{"episode reward": 345.10544402507264, "mean episode reward": 4.793131167014898, "episode length": 72, "_timestamp": 1711613842.9789681, "_runtime": 54478.056294202805, "_step": 194032}