{"episode reward": 285.66525209245947, "mean episode reward": 4.8417839337704995, "episode length": 59, "_timestamp": 1711558434.953366, "_runtime": 116.29593205451965, "_step": 5668, "_wandb": {"runtime": 116}}